{"cameraMode":{"drawMode":0,"name":"Shaded","section":"Shading Mode"},"sceneLighting":false,"audioPlay":false,"sceneViewState":{"showFog":true,"showMaterialUpdate":false,"showSkybox":false,"showFlares":true,"showImageEffects":true,"showParticleSystems":true},"in2DMode":false,"pivot":{"x":39.887630462646487,"y":9.758193016052246,"z":-1.9576950073242188},"rotation":{"x":-0.01380384061485529,"y":-0.02789638563990593,"z":0.00038438363117165864,"w":-0.999517560005188},"size":289.1026916503906,"orthographic":false}