{"cameraMode":{"drawMode":0,"name":"Shaded","section":"Shading Mode"},"sceneLighting":false,"audioPlay":false,"sceneViewState":{"showFog":true,"showMaterialUpdate":false,"showSkybox":false,"showFlares":true,"showImageEffects":true,"showParticleSystems":true},"in2DMode":false,"pivot":{"x":4.7270002365112309,"y":1.8609999418258668,"z":-2.8970000743865969},"rotation":{"x":0.10324868559837342,"y":-0.8950726985931397,"z":0.2762981355190277,"w":0.3344629406929016},"size":0.2790496349334717,"orthographic":false}